id;date;author;account_address;followers_count;following_count;text;parent_post_id;in_reply_to_id;in_reply_to_account_address;language;permalink;favourites_count;replies_count;reblogs_count;cluster_label;lang
99527669732664544;2018-02-15T05:15:18.341Z;FairyAmbassador;FairyAmbassador@witches.town;12;24;"I only have one thing to say about
#Parkland \\-- This is an opportunity for
me to learn to be powerless.

";;;;en;https://mastodon.social/@FairyAmbassador@witches.town/99527669732664544;0;0;0;8: Cluster #8;en
99528217265181432;2018-02-15T07:34:33.062Z;Yorgl;Yorgl@mastodon.social;241;118;"RT @TakedownMRAs@twitter.com: If only there was some kind of clue with these
mass shootings, some pattern we could look at.  
#Parkland  
#GunControlNow  
https://twitter.com/TakedownMRAs/status/964037089699364864";;;;en;https://mastodon.social/@Yorgl/99528217265181432;1;0;0;3: Cluster #3;en
99530150049892444;2018-02-15T15:46:04.983Z;eduardostalinho;eduardostalinho@mastodon.horde.net.br;117;59;"RT @JustCallMeGlen@twitter.com  
Thoughts and Prayers¬Æ and Now Is Not The Time¬Æ are registered trademarks of
the Republican National Committee, and the National Rifle Association.

Marcas Registradas.

All Rights Reserved.

#Parkland
#GunReformNow

";;;;en;https://mastodon.social/@eduardostalinho@mastodon.horde.net.br/99530150049892444;0;0;0;3: Cluster #3;en
99530229803223296;2018-02-15T16:06:22.047Z;voxdotcombot;oxdotcombot@social.heckin.tech;130;0;"President Trump will address the high school shooting in
#[Parkland], Florida. Watch live:
https://t.co/TzpwgvZ7wW";;;;en;https://mastodon.social/@oxdotcombot@social.heckin.tech/99530229803223296;0;0;0;1: Cluster #1;en
99536294933103313;2018-02-16T17:48:48.480Z;ofehrmedia;ofehrmedia@mastodon.social;8;28;"FBI hat prior information on
#Parkland shooter, but didn't pass it
on to FBI Miami field office https://www.fbi.gov/news/pressrel/press-
releases/fbi-statement-on-the-shooting-in-parkland-
florida

";;;;en;https://mastodon.social/@ofehrmedia/99536294933103313;0;0;0;2: Cluster #2;en
99565938635149543;2018-02-21T23:27:35.457Z;sivy;sivy@toot.cafe;160;3;"Discussing #parkland with my own 17yo, told
her the story of my own experience in a school shooting; our nation has
learned nothing in the almost 30 years since, holding out hope for the next
generation.";;;;en;https://mastodon.social/@sivy@toot.cafe/99565938635149543;0;0;0;1: Cluster #1;en
99589797635021618;2018-02-26T04:35:14.900Z;dysperdis;dysperdis@lgbt.io;16;15;"hey so

can we all agree to be really careful about not putting the
#Parkland kids on too high of a pedestal?

";;;;en;https://mastodon.social/@dysperdis@lgbt.io/99589797635021618;0;0;0;8: Cluster #8;en
99592334288971251;2018-02-26T15:20:21.239Z;boingboingbot;boingboingbot@botsin.space;738;3;"The Thoughts & Prayers makeup tutorial https://boingboing.net/2018/02/26/the-
thoughts-prayers-mak.html
#thoughtsandprayers
#Parkland
#makeup
#satire
#Video
#Post";;;;;https://mastodon.social/@boingboingbot@botsin.space/99592334288971251;0;0;0;5: Cluster #5;en
99593080516204133;2018-02-26T18:30:07.686Z;politifactbot;olitifactbot@social.heckin.tech;23;0;"Before #[Parkland] shooting, school
security spending didn't get much attention in Tallahassee. We have been
tracking‚Ä¶
https://t.co/t7qhWedeml";;;;en;https://mastodon.social/@olitifactbot@social.heckin.tech/99593080516204133;0;0;0;3: Cluster #3;en
99602876001596891;2018-02-28T12:01:14.933Z;politifactbot;olitifactbot@social.heckin.tech;23;0;"After #[Parkland] shooting,
@RepTimRyan said 70-80% NRA members support background checks. Polls back him
up, but num‚Ä¶
https://t.co/oBxPZOlvLH";;;;en;https://mastodon.social/@olitifactbot@social.heckin.tech/99602876001596891;0;0;0;3: Cluster #3;en
99617841839867110;2018-03-03T03:27:15.513Z;voxdotcombot;oxdotcombot@social.heckin.tech;130;0;"Media coverage of the #[Parkland]
shooting is fading, but data hints this gun control debate might still
persist:‚Ä¶
https://t.co/09mssiZB8H";;;;en;https://mastodon.social/@oxdotcombot@social.heckin.tech/99617841839867110;0;0;0;3: Cluster #3;en
99649822307009773;2018-03-08T19:00:18.747Z;boingboingbot;boingboingbot@botsin.space;738;3;"Florida students succeed were so many have failed, force state legislature to
pass gun control rules despite ferocious NRA lobbying
https://boingboing.net/2018/03/08/frustrated-
ammosexuals.html
#MarjoryStonemanDouglasHighSchool
#thekidsarealright
#armingteachers
#guncontrol
#Parkland
#florida
#Post #law
#nra";;;;en;https://mastodon.social/@boingboingbot@botsin.space/99649822307009773;0;0;0;2: Cluster #2;en
99656195907350346;2018-03-09T22:01:12.128Z;politifactbot;olitifactbot@social.heckin.tech;23;0;"A look at claims by @browardsheriff about warning signs, perimeter and body
cameras #[Parkland]‚Ä¶
https://t.co/xwbM0UY74F";;;;en;https://mastodon.social/@olitifactbot@social.heckin.tech/99656195907350346;0;0;0;3: Cluster #3;en
99675817984362070;2018-03-13T09:11:21.261Z;politicsbot;politicsbot@assortedflotsam.com;1005;1;"How Young Is Too Young to Protest? A National Gun-Violence Walkout Is Testing
Schools. https://www.nytimes.com/2018/03/13/us/national-school-walkout-
guns.html?partner=rss&emc=rss
#Demonstrations,ProtestsandRiots
#SchoolShootingsandArmedAttacks
#Parkland,Fla,Shooting(2018)
#ChildrenandChildhood
#SantaMonica(Calif)
#Nashville(Tenn)
#Parkland(Fla)
#Akron(Ohio)
#Guncontrol
#Utah";;;;en;https://mastodon.social/@politicsbot@assortedflotsam.com/99675817984362070;1;0;0;3: Cluster #3;en
99683953000000787;2018-03-14T19:40:11.745Z;boingboingbot;boingboingbot@botsin.space;738;3;"Scenes from today's national gun control student walkout
https://boingboing.net/2018/03/14/enough-2.html
##nationalwalkoutday
#regulatorycapture
#grassroots
#education
#Parkland
#Post
#guns
#Kids";;;;en;https://mastodon.social/@boingboingbot@botsin.space/99683953000000787;0;0;0;3: Cluster #3;en
99739131504381967;2018-03-24T13:32:48.909Z;politifactbot;olitifactbot@social.heckin.tech;23;0;"Headed to #[MarchForOurLives]
in D.C., #[Parkland]
#[Orlando] or other cities? All of our
fact-checks about guns includin‚Ä¶
https://t.co/Bzr7bTDO9x";;;;en;https://mastodon.social/@olitifactbot@social.heckin.tech/99739131504381967;0;0;0;3: Cluster #3;en
99739533740779787;2018-03-24T15:15:06.551Z;politifactbot;olitifactbot@social.heckin.tech;23;0;"Fact-checking claims following
#[Parkland] about assault weapons
ban, numbers of school shootings and social media co‚Ä¶
https://t.co/5NggUWnae6";;;;en;https://mastodon.social/@olitifactbot@social.heckin.tech/99739533740779787;0;0;0;3: Cluster #3;en
99739818192831602;2018-03-24T16:27:26.947Z;politifactbot;olitifactbot@social.heckin.tech;23;0;"#[Parkland] students speaking at
#[Marchforourlives] in D.C.
If you see claims on social media that they are crisis act‚Ä¶
https://t.co/WWCBBxfJs7";;;;en;https://mastodon.social/@olitifactbot@social.heckin.tech/99739818192831602;0;0;0;3: Cluster #3;en
99739884230086248;2018-03-24T16:44:14.594Z;voxdotcombot;oxdotcombot@social.heckin.tech;130;0;"Watch live: #[Parkland] students
address the crowd gathered in Washington, DC for the
#[MarchForOurLives.]  
  
https://t.co/yHDT0LQP7B";;;;en;https://mastodon.social/@oxdotcombot@social.heckin.tech/99739884230086248;0;0;0;8: Cluster #8;en
99739894432139083;2018-03-24T16:46:50.264Z;politifactbot;olitifactbot@social.heckin.tech;23;0;"After #[Parkland], a Congressman said
majority of NRA members support background checks. Polls do show that, but
subs‚Ä¶
https://t.co/miWp7iRa5N";;;;en;https://mastodon.social/@olitifactbot@social.heckin.tech/99739894432139083;0;0;0;3: Cluster #3;en
99740170985202824;2018-03-24T17:57:10.137Z;voxdotcombot;oxdotcombot@social.heckin.tech;130;0;"""It is time to fight for our lives.""  
  
#[Parkland] students speak out for
gun control at the
#[MarchForOurLives] in W‚Ä¶
https://t.co/cyT3jrHAtV";;;;en;https://mastodon.social/@oxdotcombot@social.heckin.tech/99740170985202824;0;0;0;3: Cluster #3;en
99740292820259195;2018-03-24T18:28:09.185Z;voxdotcombot;oxdotcombot@social.heckin.tech;130;0;"‚ÄúI hope you know that it‚Äôs not that we didn‚Äôt try‚Äù: a Columbine and
#[Parkland] survivor talk.
https://t.co/ilCCaulGzS

";;;;en;https://mastodon.social/@oxdotcombot@social.heckin.tech/99740292820259195;0;0;0;1: Cluster #1;en
99740423356090608;2018-03-24T19:01:21.003Z;politifactbot;olitifactbot@social.heckin.tech;23;0;"Since #[Parkland], many states
considering 'red flag' laws to take away guns. Some social media posts distort
the act‚Ä¶
https://t.co/ohj72JSdMH";;;;en;https://mastodon.social/@olitifactbot@social.heckin.tech/99740423356090608;0;0;0;3: Cluster #3;en
99757286323748021;2018-03-27T18:29:49.470Z;voxdotcombot;oxdotcombot@social.heckin.tech;130;0;"RT @today_explained: Listen: Columbine survivor @AmoMeant confesses her what-
ifs about surviving a school shooting to
#[Parkland] survivor @x‚Ä¶

";;;;en;https://mastodon.social/@oxdotcombot@social.heckin.tech/99757286323748021;0;0;0;1: Cluster #1;en
99780486878326076;2018-03-31T20:50:01.834Z;gme;gme@toot.zone;0;0;"RT @johnpavlovitz@twitter.com: The @NRA@twitter.com desperately needs to make
the #Parkland shooter the victim, and his
victims the villains.

This speaks volumes about who they are and what matters to them.

Guns matter.

That's it.

If you disagree with them, register to vote‚Äîand vote in November.

#Midterms2018  
https://twitter.com/johnpavlovitz/status/980178941670510592";;;;en;https://mastodon.social/@gme@toot.zone/99780486878326076;0;0;0;3: Cluster #3;en
99797045867752397;2018-04-03T19:01:11.972Z;boingboingbot;boingboingbot@botsin.space;738;3;"Alex Jones falsely accused a guy of being the Parkland school shooter, so now
he's being sued for more than $1,000,000
https://boingboing.net/2018/04/03/roaring-performance-
artist.html
#christwhatanasshole
#AlexJones
#redscares
#Parkland
#cda230
#libel
#texas
#Post
#guns #law
#1a";;;;en;https://mastodon.social/@boingboingbot@botsin.space/99797045867752397;0;0;1;2: Cluster #2;en
99801681990122009;2018-04-04T14:40:13.574Z;boingboingbot;boingboingbot@botsin.space;738;3;"Parkland student activists drive American right berzerk, supercharge attack on
public education https://boingboing.net/2018/04/04/suffer-little-children-
suffer.html #thekidsarealright
#charterschools
#dominionism
#deathcults
#education
#classwar
#Parkland
#religion
#Post #nra";;;;en;https://mastodon.social/@boingboingbot@botsin.space/99801681990122009;0;0;1;3: Cluster #3;en
99803874949474811;2018-04-04T23:57:55.482Z;acrata;acrata@anticapitalist.party;423;297;"#Parkland student Anthony
Borges, who suffered multiple gunshot wounds while shielding other students
with his body, has been released from the hospital. I rarely call anyone a
hero, I will make an exception in this case
https://www.washingtonpost.com/news/post-nation/wp/2018/04/04/parkland-
shooting-survivor-who-shielded-fellow-students-is-released-from-the-
hospital/?utm_term=.8bb2021fa167";;;;en;https://mastodon.social/@acrata@anticapitalist.party/99803874949474811;1;0;0;2: Cluster #2;en
99803880005907811;2018-04-04T23:59:12.636Z;acrata;crata@mastodon.starrevolution.org;86;76;"#Parkland student Anthony
Borges, who suffered multiple gunshot wounds while shielding other students
with his body, has been released from the hospital. I rarely call anyone a
hero, I will make an exception in this case
https://www.washingtonpost.com/news/post-nation/wp/2018/04/04/parkland-
shooting-survivor-who-shielded-fellow-students-is-released-from-the-
hospital/?utm_term=.8bb2021fa167";;;;en;https://mastodon.social/@crata@mastodon.starrevolution.org/99803880005907811;0;0;0;2: Cluster #2;en
99847610661083932;2018-04-12T17:20:29.476Z;boingboingbot;boingboingbot@botsin.space;738;3;"Parkland teacher who was open to the idea of arming teachers forgets his
loaded Glock in a public bathroom https://boingboing.net/2018/04/12/totally-
unforeseeable.html #education
#Parkland
#florida
#crime
#Post
#guns #law";;;;en;https://mastodon.social/@boingboingbot@botsin.space/99847610661083932;0;0;0;2: Cluster #2;en
99961800131620986;2018-05-02T21:20:22.604Z;boingboingbot;boingboingbot@botsin.space;738;3;"Newspaper runs gun show ad on front page below Parkland massacre story
https://boingboing.net/2018/05/02/newspaper-runs-gun-show-ad-
on.html
#newspapers
#publishing
#Parkland
#florida
#media
#Post
#guns";;;;;https://mastodon.social/@boingboingbot@botsin.space/99961800131620986;0;0;0;2: Cluster #2;en
100041981162050757;2018-05-17T01:11:21.000Z;acrata;crata@mastodon.starrevolution.org;86;76;"Retired School Safety Officer (otherwise, cop) who refused to enter
#Parkland during the
school shooting there is receiving a state pension of $8702 per month. No
legal actions are pending that could imperil the award of that pension
https://edition.cnn.com/2018/05/16/us/parkland-resource-officer-parkland-
shooting-pension-scot-
peterson/index.html";;;;en;https://mastodon.social/@crata@mastodon.starrevolution.org/100041981162050757;0;0;0;2: Cluster #2;en
100041983037929790;2018-05-17T01:11:53.000Z;acrata;acrata@anarchism.space;599;570;"Retired School Safety Officer (otherwise, cop) who refused to enter
#Parkland during the school shooting
there is receiving a state pension of $8702 per month. No legal actions are
pending that could imperil the award of that pension
https://edition.cnn.com/2018/05/16/us/parkland-resource-officer-parkland-
shooting-pension-scot-
peterson/index.html";;;;en;https://mastodon.social/@acrata@anarchism.space/100041983037929790;0;0;0;2: Cluster #2;en
100080642124264482;2018-05-23T21:03:24.000Z;SolidarityUS;SolidarityUS@soc.ialis.me;162;10;"Even more important is how democracy is being defended, and hopefully extended
‚Äî by teachers in West Virginia, Oklahoma and Kentucky, by the magnificent
youth upsurge in the wake of the Parkland massacre;
#Teachers
#Parkland
https://twitter.com/SolidarityUS/status/999281130649026560";;;;en;https://mastodon.social/@SolidarityUS@soc.ialis.me/100080642124264482;0;0;1;1: Cluster #1;en
100148459447962473;2018-06-04T20:30:08.000Z;boingboingbot;boingboingbot@botsin.space;738;3;"Jimmy Fallon surprised Parkland high school grads by speaking at their
commencement ceremony https://boingboing.net/2018/06/04/jimmy-fallon-
surprised-parklan.html
#commencementspeech
#Youarethepresent
#JimmyFallon
#OppositeDay
#highschool
#Parkland
#florida
#Video
#Post";;;;en;https://mastodon.social/@boingboingbot@botsin.space/100148459447962473;0;0;0;8: Cluster #8;en
100187418617167413;2018-06-11T14:46:02.000Z;voxdotcombot;oxdotcombot@social.heckin.tech;130;0;"Since the #[Parkland] school
shooting, theater teacher Melody Herzfeld found that her students have relied
on arts an‚Ä¶
https://t.co/GbSlfpQRCc

";;;;en;https://mastodon.social/@oxdotcombot@social.heckin.tech/100187418617167413;0;0;0;1: Cluster #1;en
100418677224925366;2018-07-22T13:50:07.000Z;boingboingbot;boingboingbot@botsin.space;738;3;"Florida youth voter registration up 41% since Parkland shooting
https://boingboing.net/2018/07/22/americas-largest-swing-
state.html #youcan'tshootelections
#voterregistration
#2018tsunami
#elections
#Parkland
#florida
#Post
#guns";;;;en;https://mastodon.social/@boingboingbot@botsin.space/100418677224925366;1;0;1;2: Cluster #2;en
100871632894172408;2018-10-10T13:42:47.000Z;feed;feed@social.dsmouse.net;6;0;"Dystopia watch: American schools are installing anti-shooter smoke cannons and
bulletproof doors https://boingboing.net/2018/10/10/tragedy-
industry.html
#literallyjoetheplumber
#ammosexuals
#profiteers
#Business
#Parkland
#Post
#guns";;;;en;https://mastodon.social/@feed@social.dsmouse.net/100871632894172408;0;0;0;3: Cluster #3;en
101464462240646900;2019-01-23T06:27:05.000Z;gdsk3k;gdsk3k@mastodon.xyz;53;180;"RB @RealPhilHendrie@birdsite.com If the
#CovingtonBoys successfully sue
whoever because being criticized for acting like punk assholes is being
slandered, what part of Fort Knox do we hand over to the
#Parkland kids who were called ‚Äúfags‚Äù
for protesting being shot at while in school. Fuck these T***p
#snowflakes

";;;;en;https://mastodon.social/@gdsk3k@mastodon.xyz/101464462240646900;0;0;0;3: Cluster #3;en
101547603592985831;2019-02-06T22:50:56.000Z;acrata;acrata@anarchism.space;599;570;"#Florida
#gop Congressman Gaetz tries to remove
fathers of victims of #Parkland mass
shooting from hearing on gun violence, and pushes Trump talking points about
illegal immigrants https://www.npr.org/2019/02/06/692046272/trump-ally-tries-
to-remove-parkland-fathers-from-gun-violence-
hearing";;;;en;https://mastodon.social/@acrata@anarchism.space/101547603592985831;0;0;0;2: Cluster #2;en
103658197199100927;2020-02-14T16:42:44.000Z;Dickmasterson;Dickmasterson@dickshow.social;2370;3;"Bitch. We‚Äôre not remembering
#Parkland today. We‚Äôre remembering to
get our fuck on.

RT @HillaryClinton@twitter.com

Today, we remember #Parkland and the
17 people whose lives were cruelly taken at Marjory Stoneman Douglas High two
years ago.

In the words of @AMarch4OurLives@twitter.com: ""We remember them with love. We
honor them with action.""

üê¶üîó:
https://twitter.com/HillaryClinton/status/1228355569272139776";;;;en;https://mastodon.social/@Dickmasterson@dickshow.social/103658197199100927;0;0;1;8: Cluster #8;en
107508625477614375;2021-12-25T16:57:18.566Z;thepigeonexpress;thepigeonexpress@mastodon.social;344;4;"United States: Woman estate agent shot dead by evicted tenant in Florida
#Florida
#UnitedStates
#USA
#Essex
#Parkland
#Miami
https://www.thepigeonexpress.com/united-states-woman-estate-agent-shot-dead-
by-evicted-tenant-in-florida/

";;;;en;https://mastodon.social/@thepigeonexpress/107508625477614375;0;0;0;2: Cluster #2;en
108376941226739188;2022-05-28T01:21:25.000Z;whisperwatch;whisperwatch@mstdn.social;13;3;"""Public health crisis""? No. Call them ""super predators"" and wreck their lives
like what was done to poor Black kids who didn't do anywhere near this level
of crime.ü§∑üèø‚Äç‚ôÄÔ∏è  
#nypost
#uvalde
#buffalo
#virginiatech
#sandyhook
#parkland

";;;;en;https://mastodon.social/@whisperwatch@mstdn.social/108376941226739188;0;0;1;3: Cluster #3;en
108999349099191246;2022-09-14T23:27:55.857Z;Some_Emo_Chick;Some_Emo_Chick@mastodon.social;10196;267;"‚ÄòWe‚Äôre Not Playing Chess‚Äô: Judge in
#Parkland School
#Shooting Case Lashes Out at
‚ÄòUnprofessional‚Äô Defense Team for Suddenly Resting Case

#news
#florida

https://lawandcrime.com/live-trials/live-trials-current/nikolas-cruz/were-
not-playing-chess-judge-in-parkland-school-shooting-case-lashes-out-at-
unprofessional-defense-team-for-suddenly-resting-
case/

";;;;en;https://mastodon.social/@Some_Emo_Chick/108999349099191246;2;1;1;2: Cluster #2;en
109000431474029962;2022-09-15T04:03:11.588Z;Jeramee;Jeramee@mastodon.social;301;267;"[@Some_Emo_Chick]  
Sounds quite inappropriate from the judge, but we give judges huge amounts of
leeway. That leeway feeds judicial arrogance, and is yet another reason our
criminal justice system is so flawed.

";1.0899934909919125e+17;1.0899934909919125e+17;Some_Emo_Chick@mastodon.social;en;https://mastodon.social/@Jeramee/109000431474029962;0;1;0;1: Cluster #1;en
109002208025910218;2022-09-15T11:34:59.613Z;Some_Emo_Chick;Some_Emo_Chick@mastodon.social;10196;267;"[@Jeramee] I disagree completely. The fault
lies completely on the defense. They had 40 more witnesses lined up and
without warning just simply rested their case. I have never heard of anything
like that happening.";1.0899934909919125e+17;1.0900043147402997e+17;Jeramee@mastodon.social;en;https://mastodon.social/@Some_Emo_Chick/109002208025910218;1;1;0;1: Cluster #1;en
109005028614195553;2022-09-15T23:32:18.386Z;Jeramee;Jeramee@mastodon.social;301;267;"[@Some_Emo_Chick]  
I would be inclined to agree if the judge hadn't cut her off. It likely would
have taken less than a minute for the judge to allow the defense to explain.
Maybe there was a reason to rest her case then, but we weren't allowed to hear
that because of the judge's decision. Until we hear the defense's reasoning,
it's patently unfair to side against them.

";1.0899934909919125e+17;1.0900220802591022e+17;Some_Emo_Chick@mastodon.social;en;https://mastodon.social/@Jeramee/109005028614195553;0;0;0;1: Cluster #1;en
109278910984323900;2022-11-03T08:24:04.000Z;ne1for23;ne1for23@mastodon.sdf.org;1;2;"Broward Circuit Judge Elizabeth Scherer sentenced the Parkland school shooter
to 34 consecutive mandatory life sentences in prison without the possibility
of parole. One for each of the 34 victims: 17 killed and 17 injured during the
2018 Valentine‚Äôs Day massacre at Marjory Stoneman Douglas High School.

#Parkland
#StonemanDouglas
#NikolasCruz
#LifeInPrision
#MassShootings  
https://www.local10.com/news/local/2022/11/02/watch-live-parkland-school-
shooter-faces-last-hearing-before-life-in-
prison/";;;;en;https://mastodon.social/@ne1for23@mastodon.sdf.org/109278910984323900;0;0;0;2: Cluster #2;en
109371641688245460;2022-11-19T17:26:32.000Z;bytheway;bytheway@photog.social;102;10;"Last leaves of Autumn - a stately beech tree alone in an early morning mist :
#broadwaterlake
#surrey
#oatlands
#trees
#worldtrees
#beechtrees
#bnw
#blackandwhite
#monochrome
#passion_for_bnw
#blacknwhite_perfection
#landscape
#bnw_landscape
#parkland
#bnw_users

";;;;en;https://mastodon.social/@bytheway@photog.social/109371641688245460;3;0;5;7: Cluster #7;en
109389342571014915;2022-11-22T20:28:23.990Z;robinkirk;robinkirk@mastodon.social;30;55;"The case for the death penalty. TL;DR: there's not one even in the most
horrific cases #humanrights
#deathpenalty
#parkland
#RightToLive
#newsletter
#gunviolence
#GunControlNow
https://robinkirk.substack.com/p/the-case-for-the-death-
penalty

";;;;en;https://mastodon.social/@robinkirk/109389342571014915;0;0;0;1: Cluster #1;en
109394245139008233;2022-11-23T17:15:08.000Z;SpittingBack;SpittingBack@mastodon.world;67;59;"#WalmartShooting
#UvaldeMassacre
#ClubQ
#Parkland
#PulseNightClub

";;;;en;https://mastodon.social/@SpittingBack@mastodon.world/109394245139008233;1;1;1;1: Cluster #1;en
109422409948166337;2022-11-28T16:37:52.120Z;robinkirk;robinkirk@mastodon.social;30;55;"Is there a case for the
#deathpenalty? TL;DR: not even in
the most horrific cases, like the one involving the
#parkland shooter. Here's why
(thread)

";;;;en;https://mastodon.social/@robinkirk/109422409948166337;0;0;0;1: Cluster #1;en
109436411162468750;2022-12-01T03:58:31.000Z;DARSB1;DARSB1@mindly.social;217;291;"The beatings will commence until behavior improves.
#Florida
#Parkland
https://bit.ly/3Ukfhek";;;;en;https://mastodon.social/@DARSB1@mindly.social/109436411162468750;0;0;0;2: Cluster #2;en
109638709150810676;2023-01-05T21:25:36.020Z;TheGentYYC;TheGentYYC@mastodon.social;2001;2709;"""Laura Ingraham Doesn't Like Being Reminded She's Lost Advertisers

#LauraIngraham abruptly ends
interview after guest calls her out for losing advertisers ‚Äúwhen you taunted a
#Parkland survivor.‚Äù""

https://crooksandliars.com/2023/01/ingraham-doesnt-being-reminded-shes-
lost";;;;en;https://mastodon.social/@TheGentYYC/109638709150810676;4;0;3;8: Cluster #8;en
109846625025326721;2023-02-11T14:41:16.000Z;thorchrs;thorchrs@mstdn.ca;321;280;"üëáüá∫üá∏""Five years after Parkland, school shootings haven‚Äôt stopped ‚Äî and kill
more people"" #Parkland  
#SchoolShootings
#GunNation
#GunCulture  
https://www.rawstory.com/five-years-after-parkland-school-shootings-havent-
stopped-and-more-people/

";;;;en;https://mastodon.social/@thorchrs@mstdn.ca/109846625025326721;0;0;0;1: Cluster #1;en
109859656690711159;2023-02-13T21:55:21.000Z;Antisapien;Antisapien@comicscamp.club;23;74;"#DavidHogg, five years after
#Parkland \\- Invidious

https://invidious.namazso.eu/watch?v=npA54A3Cq14&listen=false

#ParklandShooting5Years";;;;en;https://mastodon.social/@Antisapien@comicscamp.club/109859656690711159;0;0;0;1: Cluster #1;en
109863654866108110;2023-02-14T14:52:05.000Z;SueInRockville;SueInRockville@mstdn.social;957;1002;"There is only 1 guaranteed way to stop the slaughter of so many innocents  
Pledge to  
NEVER  
VOTE  
GOP  
AGAIN  
They are owned lock, stock & smoking barrel by  
@NRA  
End them & we will  
#BanAssaultWeapons  
#GunReformNow  
#Parkland";;;;en;https://mastodon.social/@SueInRockville@mstdn.social/109863654866108110;0;0;1;3: Cluster #3;en
109863913671721781;2023-02-14T15:57:46.000Z;Iche_me;Iche_me@masto.ai;202;207;"It's been five years since the tragedy of
#gunviolence struck at
#Parkland.

Five years and 900+ school shootings. Five years and hundreds of students &
teachers dead.

Five long years.

Will it ever be enough?

No more thoughts and prayers!";;;;en;https://mastodon.social/@Iche_me@masto.ai/109863913671721781;0;0;0;1: Cluster #1;en
109864468596528169;2023-02-14T18:19:05.000Z;shannonstraw;shannonstraw@mas.to;45;87;"My son did his first lockdown drill at 3, the day after
#Parkland. As I was finishing my draft about
raising a child for whom preparing to avoid getting shot at school had become
routine, I got the breaking news alert about the shooting at
#MSU. https://www.insider.com/mom-shares-what-its-
raising-child-in-the-lockdown-generation-2023-2";;;;en;https://mastodon.social/@shannonstraw@mas.to/109864468596528169;0;1;2;2: Cluster #2;en
109864614281259513;2023-02-14T18:56:06.000Z;Araignee;Araignee@mstdn.social;43;163;"[@shannonstraw]

My son was working in the Navy Yard the morning of the shooting. 12 dead

My daughter lived one block from the Columbia Mall shooter. 3 dead

I was having lunch with co-workers just outside where the Capital Gazette
shooting was taking place. 5 dead

Then there was the DC Sniper attacks. We had to use our bodies as human
shields to get our students on and off the bus every day after they shot one
of our students. 17 dead

And that's just me.";1.0986446859652818e+17;1.0986446859652818e+17;shannonstraw@mas.to;en;https://mastodon.social/@Araignee@mstdn.social/109864614281259513;0;1;0;3: Cluster #3;en
109864620891452169;2023-02-14T18:57:49.000Z;shannonstraw;shannonstraw@mas.to;45;87;"[@Araignee] Ooof. I'm so so sorry that that's
your reality. May you all have respite from the lingering trauma and find
healing.

";1.0986446859652818e+17;1.0986461428125952e+17;Araignee@mstdn.social;en;https://mastodon.social/@shannonstraw@mas.to/109864620891452169;0;0;0;6: Cluster #6;en
109864897412981399;2023-02-14T20:08:14.000Z;fostermwolf;fostermwolf@mastodon.world;474;932;"Also, remember #Parkland today.

";;;;en;https://mastodon.social/@fostermwolf@mastodon.world/109864897412981399;0;0;0;8: Cluster #8;en
109865303814687298;2023-02-14T21:51:30.000Z;Antisapien;Antisapien@comicscamp.club;23;74;"'The answer isn't permitless carry': House member rips bill DeSantis supports
- Invidious

https://invidious.namazso.eu/watch?v=EkPmZx7rK6s

#CongressmanMaxwellFrost
& #JaredMoskowitz on
#gunreform
#guncontrol
#MSU
#Parkland  
#FuckDeSantis
#FL
#Florida";;;;en;https://mastodon.social/@Antisapien@comicscamp.club/109865303814687298;0;1;1;2: Cluster #2;en
109865583135383532;2023-02-14T23:02:36.000Z;PamRickel;PamRickel@mstdn.party;652;746;"If you want to do something positive today join me in donating to Orange
Ribbons for Jaime. 14 year old Jaime Guttenberg was murdered 5 years ago today
at Marjory Stoneman Douglas High School in Parkland, FL. Her father Fred works
tirelessly to end gun violence.
#ValentinesDay
#MSD
#Parkland
https://orangeribbonsforjaime.org/";;;;en;https://mastodon.social/@PamRickel@mstdn.party/109865583135383532;0;0;5;1: Cluster #1;en
109870650110922977;2023-02-15T20:31:11.000Z;IrwinFletcher0;IrwinFletcher0@mstdn.social;890;1908;"#BREAKING
#BSO lockdown at
#MSD High in
#Parkland after reports of
#threat called into school @Telemundo51
#BreakingNews

https://twitter.com/JRodzMIA/status/1625954465420349469";;;;en;https://mastodon.social/@IrwinFletcher0@mstdn.social/109870650110922977;0;1;0;2: Cluster #2;en
109870703735836856;2023-02-15T20:44:47.000Z;IrwinFletcher0;IrwinFletcher0@mstdn.social;890;1908;"#UPDATE
#BSO lockdown at
#MSD High in
#Parkland lifted and students being
released after investigation into #threat
called into school

https://twitter.com/JRodzMIA/status/1625958326029746196";1.0987065011092298e+17;1.0987065011092298e+17;IrwinFletcher0@mstdn.social;en;https://mastodon.social/@IrwinFletcher0@mstdn.social/109870703735836856;0;0;0;2: Cluster #2;en
110079717159440131;2023-03-24T18:39:43.000Z;dustcircle;dustcircle@masto.ai;642;233;"#Parkland father arrested during House
hearing on #gunrights  
https://rollcall.com/2023/03/23/parkland-father-arrested-during-house-
hearing-on-gun-rights/";;;;en;https://mastodon.social/@dustcircle@masto.ai/110079717159440131;0;0;0;2: Cluster #2;en
110081392887514040;2023-03-25T01:45:53.789Z;postcards4USA;postcards4USA@mastodon.social;290;596;"This photo was taken of me (with signs by @GAGnoguns) at that first rally 15
years ago.  
I‚Äôve though of you all every single day since.
#Parkland  
I‚Äôd already been marching with @NewtownAction
#SandyHook for 6 years before that.  
#GenerationLockdown  
It must stop.  
#stillmarching";;;;en;https://mastodon.social/@postcards4USA/110081392887514040;0;0;0;8: Cluster #8;en
110186060597374672;2023-04-12T13:24:11.000Z;Rasta;Rasta@mstdn.ca;1820;843;"BEST WAY TO STOP A BAD GUY WITH A GUN!  
75.4 million strong  
  
LIMIT 500 char.  
#Vote them out!

#HighSchool
#Votes
#Millennials
#Parkland
#Santana
#GunControlNow
#RedLake
#NickelMines
#VirginiaTech
#Huntsville
#Worthing
#NorthernIllinoisUniversity
#Oakland
#SandyHook
#SantaMonica
#UmpquaCommunityCollege
#Roseburg
#RanchoTehama
#MarshallCounty
#Louisville
#Kentucky
#SantaFe
#Uvalde #Texas
#Georgia
#WynbrookeElementary
#Mobil
#Alabama
#Grambling
#Louisiana
#Oxford
#Michigan
#StLouis
#Missouri";;;;en;https://mastodon.social/@Rasta@mstdn.ca/110186060597374672;19;3;52;3: Cluster #3;en
110186240126862380;2023-04-12T14:09:55.683Z;unclepj;unclepj@mastodon.social;1;673;"[@Rasta] Another 12.6 million Zoomers are eligible to
vote this year as well. If you‚Äôre a gen Z, you‚Äôre reading this, vote these
assholes out!";1.1018606059737467e+17;1.1018606059737467e+17;Rasta@mstdn.ca;en;https://mastodon.social/@unclepj/110186240126862380;2;0;5;6: Cluster #6;en
110192965091417593;2023-04-13T18:40:06.000Z;wonkette_bot;wonkette_bot@wonkodon.com;1395;1;"Florida Republicans Hope To Wrongfully Execute Even More People Now
https://www.wonkette.com/florida-republicans-hope-to-wrongfully-execute-even-
more-people-now

#Florida
#Ron_desantis
#Parkland
#Death_row
#Wrongful_convictions
#Death_penalty

";;;;en;https://mastodon.social/@wonkette_bot@wonkodon.com/110192965091417593;0;0;1;2: Cluster #2;en
110458749478673471;2023-05-30T17:12:37.000Z;dustcircle;dustcircle@masto.ai;642;233;"#Florida deputy faces trial for alleged
failure to confront #Parkland
#schoolshooter  
https://apnews.com/article/fl-state-wire-shootings-us-news-ap-top-news-
arrests-91dc083ded414c3e86cca8ed9855d7f9";;;;en;https://mastodon.social/@dustcircle@masto.ai/110458749478673471;0;0;0;2: Cluster #2;en
110509417490248394;2023-06-08T15:58:10.000Z;iuculano;iuculano@masto.ai;1166;680;"#Florida's
#JudicialQualificationsCommission
found that Circuit Judge
#ElizabethScherer violated several
rules governing #JudicialConduct
during last year‚Äôs trial in her actions toward
#NikolasCruz‚Äôs public defenders. The six-
month trial ended with Cruz receiving a life sentence for the 2018
#murder of 14 students and three staff members
at #MarjoryStonemanDouglas
High School after the #jury could not
unanimously agree that he deserved a
#DeathSentence.

#Parkland

https://apnews.com/article/nevada-governor-ethics-complaint-campaign-sheriff-
badge-6c41bb03cf7567219244b2f4dfeb5515";;;;en;https://mastodon.social/@iuculano@masto.ai/110509417490248394;0;0;0;2: Cluster #2;en
110522373374794752;2023-06-10T22:52:59.000Z;Blotreport;Blotreport@aus.social;508;742;"A woman who lost her daughter at #Parkland
has bought bulletproof backpacks for her other children, saying 'it's the
world we live in'. It isn't. It is the nation she lives in; a nation of
murderous madness. #USPolitics
https://blotreport.com/2023/06/10/not-the-
world/";;;;en;https://mastodon.social/@Blotreport@aus.social/110522373374794752;0;0;0;1: Cluster #1;en
110527318024571289;2023-06-11T19:50:31.000Z;NoctisEqui;NoctisEqui@mastodonapp.uk;1014;980;"[@Rasta]

Vote them out! I know that‚Äôs how I‚Äôll vote!

";1.1018606059737467e+17;1.1018606059737467e+17;Rasta@mstdn.ca;en;https://mastodon.social/@NoctisEqui@mastodonapp.uk/110527318024571289;0;1;1;6: Cluster #6;en
110527374211962385;2023-06-11T20:04:47.000Z;Rasta;Rasta@mstdn.ca;1820;843;"[@NoctisEqui] The kids are severely at
risk. My grandson was going to be enrolled in Parkland School in Florida, that
year of the mass shooting. He just moved back to Canada. My daughter still
lives in the USA, and I worry about even visiting there. These gun-god-freaks
have to be stopped. The Constitution didn't guarantee them Assault rifles, and
their God never told them once to arm themselves. FN Heathens.. Murders and
pond scum in Florida Politics

";1.1018606059737467e+17;1.105273180245713e+17;NoctisEqui@mastodonapp.uk;en;https://mastodon.social/@Rasta@mstdn.ca/110527374211962385;0;0;0;3: Cluster #3;en
110549301202948546;2023-06-15T17:01:05.000Z;PoliticalIQ;PoliticalIQ@newsie.social;279;106;"Alex Jones Could Potentially Face More Defamation Trials
https://politicaliq.com/2023/06/15/alex-jones-could-potentially-face-more-
defamation-trials/
#AlexJones
#InfoWars
#SandyHook
#Parkland
#MassShootings
#Defamation
#Bankruptcy
#politicaliq
#news
#politics";;;;en;https://mastodon.social/@PoliticalIQ@newsie.social/110549301202948546;0;0;2;2: Cluster #2;en
110584353357837797;2023-06-21T21:35:17.000Z;kbindependent;kbindependent@newsie.social;96;54;"Detective weeps in trial of deputy who failed to confront Parkland shooter :

It means doing anything so that kids can find safety,"" Curcio said, his voice
breaking.  
#911
#BrowardSheriff&#039sOffice
#CoralSprings
#LawEnforcement
#MarjoryStonemanDouglasHighSchool
#massshooting
#NikolasCruz
#Parkland
#policing
#schoolshooting
#ScotPeterson  
#Miami
#news

https://kbindependent.org/2023/06/21/detective-weeps-in-trial-of-deputy-who-
failed-to-confront-parkland-
shooter/";;;;en;https://mastodon.social/@kbindependent@newsie.social/110584353357837797;0;0;0;2: Cluster #2;en
110629160151050550;2023-06-29T19:30:12.000Z;TJ;TJ@mastodon.bida.im;71;164;"My 2 cents on the verdict in the
#Parkland school safety officer case
is that ""not guilty"" is exactly the right decision. I don't blame some poor
old man huddling in a corner from fear as a madman with an AK rampages through
a school. We are the guilty ones, America all, for ever letting so many madmen
accessing such weapons.";;;;en;https://mastodon.social/@TJ@mastodon.bida.im/110629160151050550;0;0;0;1: Cluster #1;en
110629239829144086;2023-06-29T19:50:33.000Z;PoliticalIQ;PoliticalIQ@newsie.social;279;106;"Jury Finds Former Broward County Deputy Not Guilty for Behavior During
Parkland Shooting https://politicaliq.com/2023/06/29/jury-finds-former-
deputy-not-guilty-for-behavior-during-parkland-
shooting/
#MarjoryStonemanDouglasHighSchool
#Parkland
#ParklandSchoolCopTrial
#ScotPeterson
#ChildNeglect
#Acquittal
#Florida
#politicaliq
#news
#politics";;;;en;https://mastodon.social/@PoliticalIQ@newsie.social/110629239829144086;0;1;0;2: Cluster #2;en
110629336193545620;2023-06-29T20:15:05.107Z;wellnotreally;wellnotreally@mastodon.social;0;21;"What are we supposed to say? Yay? üòí
#parkland
#nytimes

";;;;en;https://mastodon.social/@wellnotreally/110629336193545620;0;0;0;8: Cluster #8;en
110629465941108097;2023-06-29T20:36:07.000Z;jarg0n;jarg0n@mastodon.online;435;507;"Parkland cop found not guilty in all charges to massacre says (checks notes)
he finally ‚Äúgot his life back.‚Äù  
And the victims? This day, urgh.

Source:  
https://apple.news/ARBMholnGSjKugGn6B3KmGA

#parkland
#fuckguns
#gunviolence
#merica
#florida";;;;en;https://mastodon.social/@jarg0n@mastodon.online/110629465941108097;0;0;0;1: Cluster #1;en
110629596765930991;2023-06-29T21:21:14.000Z;papercliff;papercliff@newsie.social;2681;6;"acquitted ¬∑ deputy ¬∑ parkland ¬∑ shooting  
https://papercliff.github.io/redirect/?q=acquitted+deputy+parkland+shooting&tbs=cdr:1,cd_min:6/28/2023,cd_max:6/30/2023  
#news
#parkland
#shooting";;;;en;https://mastodon.social/@papercliff@newsie.social/110629596765930991;0;1;0;2: Cluster #2;en
110630972510830172;2023-06-30T03:11:12.000Z;gkeller;gkeller@toot.community;267;542;"‚ÄúI got my life back,‚Äù says #Parkland
deputy who took cover for 40 minutes, long after the shooting ended and other
police officers had stormed the building.

Deputy acquitted of all charges for failing to act during deadly Parkland
school shooting
https://apnews.com/article/91dfe6054944fa3a8399ee18f05d2171";;;;en;https://mastodon.social/@gkeller@toot.community/110630972510830172;0;0;0;2: Cluster #2;en
110631193109730400;2023-06-30T04:07:19.396Z;porhtnasim;porhtnasim@mastodon.social;9;39;"BBC- #ScotPeterson not guilty
over #Parkland shooting response  
https://www.bbc.co.uk/news/world-us-
canada-66061166

The fact that these charges were raised in the first place is another example
of a country in social and political decline. Scapegoating a lowly paid and
ill-equipped school resource officer and expecting him to have self-sacrificed
instead of tackling the root causes. And all merely to continue ignoring the
truth and keeping an utterly mindless gun culture alive.

Hold my beer, this is not where it ends.";;;;de;https://mastodon.social/@porhtnasim/110631193109730400;0;0;0;2: Cluster #2;en
110665610928284403;2023-07-06T06:00:12.000Z;haikubot;haikubot@mastodon.cloud;67;0;"On this solemn day, families will come  
To the site of the Parkland school massacre and succumb  
To the sorrow that lingers here still  
The memories of loved ones who never will  
This site will be visited by their family's dear

#parkland
#schoolshooting
#memorial
#remembrance
#poetry

https://www.cnn.com/2023/07/05/us/parkland-school-shooting-crime-scene-
tours/index.html";;;;en;https://mastodon.social/@haikubot@mastodon.cloud/110665610928284403;0;0;0;1: Cluster #1;en
110708314334496555;2023-07-13T19:00:14.000Z;haikubot;haikubot@mastodon.cloud;67;0;"Painful reenactment  
Judge allows Parkland re-live  
To relive the horror

#parkland
#shooting
#civillawsuit
#reenactment
#haiku
#poetry

https://www.cnn.com/2023/07/12/us/parkland-shooting-reenactment-civil-
case/index.html";;;;en;https://mastodon.social/@haikubot@mastodon.cloud/110708314334496555;0;0;0;1: Cluster #1;en
110755499854144099;2023-07-22T03:00:09.000Z;haikubot;haikubot@mastodon.cloud;67;0;"Live ammunition used  
In Parkland reenactment  
Never forget the loss

#parkland
#reenactment
#gunviolence
#haiku
#poetry

https://www.cnn.com/2023/07/20/us/parkland-shooting-reenactment-civil-
case/index.html";;;;en;https://mastodon.social/@haikubot@mastodon.cloud/110755499854144099;0;0;0;1: Cluster #1;en
110831459638085182;2023-08-04T12:57:42.000Z;PoliticalIQ;PoliticalIQ@newsie.social;279;106;"Congress Members to tour riddled halls of Marjory Stoneman Douglas High School
https://politicaliq.com/2023/08/04/congress-members-to-tour-riddled-halls-of-
marjory-stoneman-douglas-high-
school/
#SchoolShooting
#MassShooting
#Parkland
#semiautomaticweapon
#politicaliq
#news
#politics";;;;en;https://mastodon.social/@PoliticalIQ@newsie.social/110831459638085182;0;0;1;2: Cluster #2;en
110860219310946173;2023-08-09T14:51:38.000Z;dougiec3;dougiec3@libretooth.gr;1643;2663;"David Hogg launches Leaders We Deserve

https://www.npr.org/2023/08/09/1191455776/young-voters-david-hogg-pac-
campaign-elections-genz-
millennial  
#GenZ
#Millennials
#Vote
#Parkland";;;;en;https://mastodon.social/@dougiec3@libretooth.gr/110860219310946173;1;1;2;1: Cluster #1;en
111397691716790718;2023-11-12T12:57:58.000Z;jackhutton;jackhutton@mstdn.social;1434;1542;"Socialism‚ÄîGovernment subsidies, but only for the manufacturer of AR-15
bullets‚Äî in rural Missouri, of course.. [Gifted article, no paywall]: NYTimes:
Army Ammunition Plant Is Tied to Mass Shootings Across the U.S.

The site was built for the military, but commercial sales are booming with
little public accountability. Rounds have been bought by murderers,
antigovernment groups and others. By Ben Dooley

https://www.nytimes.com/2023/11/11/us/army-ammunition-factory-
shootings.html?unlocked_article_code=1.90w.ivd7.zWX11Dveut1h&smid=nytcore-ios-
share&referringSource=articleShare

#socialism
#gunviolence
#parkland
#AR15
#subsidies";;;;en;https://mastodon.social/@jackhutton@mstdn.social/111397691716790718;1;0;8;3: Cluster #3;en
111435342426115796;2023-11-19T04:33:03.000Z;hannu_ikonen;hannu_ikonen@med-mastodon.com;397;2106;"Being an indecent POS troll is not a matter of age / youth.

Its typically a matter of character and values. And usually, being a
chauvinist male.

Contrast these two California men who trolled *victims* of the Parkland
shooting.

62yo male:  
https://www.wusf.org/courts-law/2023-10-24/california-man-gets-year-prison-
sending-vile-messages-father-parkland-massacre-
victim

22yo male:  
https://www.nbcnews.com/news/us-news/california-man-sentenced-over-5-years-
harassing-parkland-shooting-
families-n1147581

And I wont justify the 2nd guy's attorney using ASD as a purported mitigating
factor with a comment.

#Behavior #Politics #Fascism
#California
#Parkland #Trolls";;;;en;https://mastodon.social/@hannu_ikonen@med-mastodon.com/111435342426115796;1;0;2;3: Cluster #3;en
111666444816254484;2023-12-30T00:05:20.000Z;LGmedia;LGmedia@newsie.social;100;224;"A #Florida senator wants to eliminate a
statewide 3-day wait to buy a rifle or a shotgun, undoing one of the changes
enacted after the #Parkland massacre.
Jonathan Martin‚Äôs bill would keep the waiting period in place for handguns
while ending it for other firearms. The
#Republican proposal (SB 1124) has
alarmed #gun control advocates who fear it
will make it easier for unstable people to quickly access weapons, including
the AR-15 rifle used in some of the nation‚Äôs deadliest mass shootings.";;;;en;https://mastodon.social/@LGmedia@newsie.social/111666444816254484;0;0;0;2: Cluster #2;en
111920543396620906;2024-02-12T21:06:02.000Z;longreads;longreads@mastodon.world;7169;611;"""Peter‚Äôs parents, who do not speak English fluently, struggled to keep up with
those conversations, or to take the kind of action that might have given them
an outlet for their grief.""

For The New York Times, Amy Qin tells the heartbreaking story of one
#ChineseAmerican family's grief
and isolation, six years after the
#Parkland shooting:
https://www.nytimes.com/2024/02/11/us/parkland-school-shooting-chinese-
family.html

#Longreads
#GunViolence
#SchoolShooting
#Grief
#Language";;;;en;https://mastodon.social/@longreads@mastodon.world/111920543396620906;0;0;4;1: Cluster #1;en
111930236109829014;2024-02-14T14:11:02.000Z;theguardian_us_news;theguardian_us_news@halo.nu;407;0;"Voices of the dead: shooting victims plead for gun reform with AI-voice
messages https://www.theguardian.com/us-news/2024/feb/14/ai-shooting-victims-
calls-gun-reform
#Parkland,Floridaschoolshooting
#Texasschoolshooting
#USguncontrol
#Guncrime
#USnews";;;;en;https://mastodon.social/@theguardian_us_news@halo.nu/111930236109829014;0;0;0;2: Cluster #2;en
111932171295602974;2024-02-14T22:23:08.000Z;TimeCycles;TimeCycles@mas.to;1107;210;"Six years ago today.

#Parkland
#MSDstrong
#GunViolence

";;;;en;https://mastodon.social/@TimeCycles@mas.to/111932171295602974;8;1;5;1: Cluster #1;en
112145001213903236;2024-03-23T12:28:35.000Z;kbindependent;kbindependent@newsie.social;96;54;"VP Harris to tour Parkland shooting site today :

When Harris goes inside, she will see bullet-pocked walls and floors still
covered in dried blood and broken glass. Shoes left behind by fleeing students
and wilted Valentine's Day flowers and balloons are strewn about.  
#GunControl
#gunviolence
#JoeBiden
#KamalaHarris
#MarjorieStonemanDouglasHighSchool
#massshooting
#Parkland  
#Miami
#news

https://kbindependent.org/2024/03/23/vp-harris-to-tour-parkland-shooting-
site-today/";;;;en;https://mastodon.social/@kbindependent@newsie.social/112145001213903236;0;0;1;1: Cluster #1;en
112147537589782026;2024-03-23T23:13:37.000Z;kbindependent;kbindependent@newsie.social;96;54;"VP Harris promotes 'red flag' laws after visit to Parkland school massacre
site :

""Frozen in time,"" Harris said repeatedly about what she saw. She was
accompanied on the tour by victims' family members, some of them pushing for
more spending on school safety and others for stronger gun laws  
#featured
#KamalaHarris
#MarjorieStonemanDouglasHighSchool
#massshooting
#Parkland

https://kbindependent.org/2024/03/23/vp-harris-promotes-red-flag-laws-after-
visit-to-parkland-school-massacre-
site/";;;;en;https://mastodon.social/@kbindependent@newsie.social/112147537589782026;0;0;0;1: Cluster #1;en
112303555370308389;2024-04-20T12:31:01.000Z;theguardian_us_news;theguardian_us_news@halo.nu;407;0;"A Columbine survivor‚Äôs tragic battle to reveal the ‚Äòripple effect‚Äô of gun
violence: trauma, addiction, suicide https://www.theguardian.com/us-
news/2023/apr/12/us-gun-violence-ripple-effect-trauma-addiction-suicide-
austin-eubanks-darren-seals
#Parkland,Floridaschoolshooting
#USschoolshootings
#Opioidscrisis
#USguncontrol
#Columbine
#Ferguson
#Opioids
#USnews";;;;en;https://mastodon.social/@theguardian_us_news@halo.nu/112303555370308389;0;0;0;1: Cluster #1;en
112303712684097477;2024-04-20T13:11:02.000Z;theguardian_us_news;theguardian_us_news@halo.nu;407;0;"It‚Äôs 25 years since Columbine. This is why I can‚Äôt leave the story behind
https://www.theguardian.com/us-news/2024/apr/20/its-25-years-since-columbine-
this-is-why-i-cant-leave-the-story-behind #Parkland,Floridaschoolshooting
#USschoolshootings
#USguncontrol
#Columbine
#Guncrime
#USnews";;;;en;https://mastodon.social/@theguardian_us_news@halo.nu/112303712684097477;0;0;0;1: Cluster #1;en
112615179056048648;2024-06-14T13:21:01.000Z;theguardian_us_news;theguardian_us_news@halo.nu;407;0;"Site of Parkland school shooting, where 17 were murdered in 2018, to be
demolished https://www.theguardian.com/us-news/article/2024/jun/14/parkland-
school-shooting-demolition
#Parkland,Floridaschoolshooting
#Guncrime
#Florida
#UScrime
#USnews";;;;en;https://mastodon.social/@theguardian_us_news@halo.nu/112615179056048648;0;0;0;2: Cluster #2;en
112802664442636838;2024-07-17T16:01:01.000Z;theguardian_us_news;theguardian_us_news@halo.nu;407;0;"Victims of gun violence say Trump rally shooting could be ‚Äòa catalyst moment‚Äô
https://www.theguardian.com/us-news/article/2024/jul/17/mass-shooting-
victims-trump-rally
#DonaldTrumpPennsylvaniarallyshooting
#Parkland,Floridaschoolshooting
#Newtownshooting
#USpolitics
#USnews";;;;en;https://mastodon.social/@theguardian_us_news@halo.nu/112802664442636838;0;0;0;1: Cluster #1;en
112910432963042761;2024-08-05T16:47:58.000Z;iuculano;iuculano@masto.ai;1166;680;"Via the #Guardian

Online, #Trump praised the
#WhiteNationalist
#LauraLoomer as ‚Äúterrific‚Äù, ‚Äúvery
special‚Äù: ‚ÄúU r very opinionated, I have 2 tell you. In my opinion, I like
that""  
Loomer‚ÜíFlorida activist, failed political candidate, self-described ‚Äúproud
#Islamophobe‚Äù, earning bans from major
#SocialMedia platforms

Among controversies, she has called #Muslims
‚Äúsavages‚Äù & #Islam a ‚Äúcancer‚Äù; spread
#ConspiracyTheories about
#MassShootings, incl
#Parkland school shooting

https://www.theguardian.com/us-news/2023/aug/14/laura-loomer-trump-praise-
white-supremacist";;;;en;https://mastodon.social/@iuculano@masto.ai/112910432963042761;0;0;1;1: Cluster #1;en
113095153624850127;2024-09-07T07:44:53.155Z;aLFRe;aLFRe@mastodon.social;92;1;"On 1963,Nov.22 a businessman went toüé•film  
John Fitzgerald #Kennedy's visit to
#Dallas  
He arrived late and filmed the last ones of vehicles
accompanyingüá∫üá∏üöó#POTUS' one  
However,footage captured trip of presidential motorcade to
#Parkland Memorial Hospital  
It goes up for auction";;;;en;https://mastodon.social/@aLFRe/113095153624850127;0;0;0;8: Cluster #8;en
113328866164329674;2024-10-18T14:21:02.000Z;theguardian_us_news;theguardian_us_news@halo.nu;407;0;"Mass shooting survivors turn to an unlikely place for justice ‚Äì copyright law
https://www.theguardian.com/us-news/2024/oct/18/mass-shooting-survivors-
copyright-law
#Parkland,Floridaschoolshooting
#VirginiaTechshooting2007
#Nashvilleschoolshooting
#VirginiaTVnewsshooting
#USschoolshootings
#USguncontrol
#Columbine
#Guncrime
#USnews";;;;en;https://mastodon.social/@theguardian_us_news@halo.nu/113328866164329674;0;0;0;2: Cluster #2;en
113343529405089974;2024-10-21T04:30:04.000Z;lovenba;lovenba@channels.im;144;0;"https://www.lovenba.com/1483498/ Local 10
Special: Countdown to Tip-Off
#BreakingNews
#Canes
#Crime
#EasternConference
#Florida
#FloridaPanthers
#FortLauderdale
#Heat
#Hurricanes
#LiveNews
#MarjorieStonemanDouglas
#Miami
#MiamiDade
#MiamiDolphins
#MiamiHeat
#news
#NikolasCruz
#parkland
#SouthFlorida
#SoutheastDivision
#UnitedStates";;;;en;https://mastodon.social/@lovenba@channels.im/113343529405089974;0;0;0;2: Cluster #2;en
113391229569968943;2024-10-29T14:40:53.549Z;MiamiCaricaturistJeffSterling;MiamiCaricaturistJeffSterling@mastodon.social;4;6;"Tuesday morning I stopped by the
#CoralSpringsFlorida
#McDonald's slightly south of
#Parkland to enjoy the steak egg and
cheese bagel meal. When I went to the pickup window the server gave me the
food and I asked politely for ketchup. To my amazement, he sheepishly replied
""Oh I'm sorry sir. We ran out of ketchup."" Seriously. How disorganized can
management be? #IdiotsonParade  
I never run out of toilet paper, paper towels or food because I ALWAYS plan
ahead.

";;;;en;https://mastodon.social/@MiamiCaricaturistJeffSterling/113391229569968943;0;0;0;8: Cluster #8;en
113662234640078070;2024-12-16T11:21:01.000Z;theguardian_us_news;theguardian_us_news@halo.nu;407;0;"Parkland shooting survivor David Hogg runs for Democratic committee post: ‚ÄòWe
can‚Äôt win without young voters‚Äô https://www.theguardian.com/us-
news/2024/dec/16/david-hogg-democratic-national-committee-vice-
chair
#Parkland,Floridaschoolshooting
#Parkinson'sdisease
#USguncontrol
#UShealthcare
#DonaldTrump
#USpolitics
#Democrats";;;;en;https://mastodon.social/@theguardian_us_news@halo.nu/113662234640078070;0;0;0;1: Cluster #1;en
113866726993264711;2025-01-21T14:06:05.000Z;theguardian_us_culture;theguardian_us_culture@halo.nu;124;0;"‚ÄòI‚Äôm doing something with my misery‚Äô: a Parkland parent takes his grief to the
stage https://www.theguardian.com/stage/2025/jan/21/parkland-school-shooting-
parent-grief-stage
#Parkland,Floridaschoolshooting
#UStheater
#Culture
#Theatre #Stage";;;;en;https://mastodon.social/@theguardian_us_culture@halo.nu/113866726993264711;0;0;0;1: Cluster #1;en
113940333129900895;2025-02-03T14:05:08.000Z;dionysus;dionysus@planetearth.social;11;24;"...breaking news > David Hogg has been elected as national vice-chair of the
DNC .  
#dnc
#democracy
#parkland
#schoolshootings
#freedomofspeech
#firstamendmentrights
#marchforourlives
#voteblue

";;;;en;https://mastodon.social/@dionysus@planetearth.social/113940333129900895;0;0;1;1: Cluster #1;en
114240922916651571;2025-03-28T16:09:03.000Z;theguardian_us_opinion;theguardian_us_opinion@halo.nu;70;0;"US government cuts imperil life-saving gun violence research. As doctors, we
fear for the future | Jessica Beard and Elinore Kaufman
https://www.theguardian.com/us-news/2025/mar/28/trump-cuts-gun-violence-
research
#Parkland,Floridaschoolshooting
#Trumpadministration
#Aurorashooting
#USguncontrol
#DonaldTrump
#USpolitics
#UScrime
#USnews";;;;en;https://mastodon.social/@theguardian_us_opinion@halo.nu/114240922916651571;0;0;0;1: Cluster #1;en
114240930703541907;2025-03-28T16:11:02.000Z;theguardian_us_news;theguardian_us_news@halo.nu;407;0;"US government cuts imperil life-saving gun violence research. As doctors, we
fear for the future | Jessica Beard and Elinore Kaufman
https://www.theguardian.com/us-news/2025/mar/28/trump-cuts-gun-violence-
research
#Parkland,Floridaschoolshooting
#Trumpadministration
#Aurorashooting
#USguncontrol
#DonaldTrump
#USpolitics
#UScrime
#USnews";;;;en;https://mastodon.social/@theguardian_us_news@halo.nu/114240930703541907;0;0;0;1: Cluster #1;en
114389173167150510;2025-04-23T20:31:02.000Z;theguardian_us_news;theguardian_us_news@halo.nu;407;0;"Florida students lobby to keep 2018 gun control law in wake of recent shooting
https://www.theguardian.com/us-news/2025/apr/23/parkland-florida-fsu-gun-
law #Parkland,Floridaschoolshooting
#USguncontrol
#RonDeSantis
#USpolitics
#Florida
#USnews";;;;en;https://mastodon.social/@theguardian_us_news@halo.nu/114389173167150510;1;0;0;2: Cluster #2;en
114629043971158641;2025-06-05T05:13:22.396Z;WINGS_radio;WINGS_radio@mastodon.social;55;26;"#Parkland
#school
#shooting
#survivor now a vice-chair of the
#Democratic
#National
#Committee David Hogg talks about
his proposal to get more younger and principled candidates into the Democrats'
safest seats in order to put life into the party and (my language) move out
the older dead wood. He's being threatened with removal by an unusual method
that doesn't require a 2/3 majority.  
#US
#politics
#guncontrol
#youth  
https://www.motherjones.com/politics/2025/06/david-hogg-dnc-primary-election-
parkland/?utm_source=mj-newsletters&utm_medium=email&utm_campaign=daily-
newsletter-06-04-2025";;;;en;https://mastodon.social/@WINGS_radio/114629043971158641;0;0;0;1: Cluster #1;en